{"cameraMode":{"drawMode":0,"name":"Shaded","section":"Shading Mode"},"sceneLighting":false,"audioPlay":false,"sceneViewState":{"showFog":true,"showMaterialUpdate":false,"showSkybox":false,"showFlares":true,"showImageEffects":true,"showParticleSystems":true},"in2DMode":false,"pivot":{"x":0.10075249522924423,"y":1.0511562824249268,"z":-0.597000002861023},"rotation":{"x":-0.08036947250366211,"y":0.8794681429862976,"z":-0.16031810641288758,"w":-0.4408915042877197},"size":0.22327321767807008,"orthographic":false}