{"cameraMode":{"drawMode":0,"name":"Shaded","section":"Shading Mode"},"sceneLighting":true,"audioPlay":false,"sceneViewState":{"showFog":true,"showMaterialUpdate":false,"showSkybox":true,"showFlares":true,"showImageEffects":true,"showParticleSystems":true},"in2DMode":false,"pivot":{"x":370.72705078125,"y":5.23374605178833,"z":179.04449462890626},"rotation":{"x":-0.07694509625434876,"y":-0.5799742937088013,"z":0.05515226721763611,"w":-0.8091342449188232},"size":4.807394981384277,"orthographic":false}