{"cameraMode":{"drawMode":0,"name":"Shaded","section":"Shading Mode"},"sceneLighting":true,"audioPlay":false,"sceneViewState":{"showFog":true,"showMaterialUpdate":false,"showSkybox":true,"showFlares":true,"showImageEffects":true,"showParticleSystems":true},"in2DMode":false,"pivot":{"x":326.40435791015627,"y":-5.112472057342529,"z":201.08596801757813},"rotation":{"x":0.10711807757616043,"y":0.3056095540523529,"z":-0.03461958095431328,"w":0.9455037713050842},"size":30.750158309936525,"orthographic":false}