{"cameraMode":{"drawMode":0,"name":"Shaded","section":"Shading Mode"},"sceneLighting":false,"audioPlay":false,"sceneViewState":{"showFog":true,"showMaterialUpdate":false,"showSkybox":false,"showFlares":true,"showImageEffects":true,"showParticleSystems":true},"in2DMode":false,"pivot":{"x":6.349996089935303,"y":4.405952453613281,"z":-0.17013764381408692},"rotation":{"x":0.01528917346149683,"y":0.3288182318210602,"z":0.005324268713593483,"w":-0.9442551136016846},"size":2.415961265563965,"orthographic":false}