{"cameraMode":{"drawMode":0,"name":"Shaded","section":"Shading Mode"},"sceneLighting":true,"audioPlay":false,"sceneViewState":{"showFog":true,"showMaterialUpdate":false,"showSkybox":true,"showFlares":true,"showImageEffects":true,"showParticleSystems":true},"in2DMode":false,"pivot":{"x":366.139404296875,"y":1.635115385055542,"z":165.88388061523438},"rotation":{"x":-0.010264093987643719,"y":0.9892312288284302,"z":-0.11808659136295319,"w":-0.08597961813211441},"size":11.870942115783692,"orthographic":false}