{"cameraMode":{"drawMode":0,"name":"Shaded","section":"Shading Mode"},"sceneLighting":true,"audioPlay":false,"sceneViewState":{"showFog":true,"showMaterialUpdate":false,"showSkybox":true,"showFlares":true,"showImageEffects":true,"showParticleSystems":true},"in2DMode":false,"pivot":{"x":344.8174133300781,"y":2.6771016120910646,"z":188.1785125732422},"rotation":{"x":-0.04116268455982208,"y":0.47504329681396487,"z":-0.02225446328520775,"w":-0.878731906414032},"size":15.148847579956055,"orthographic":false}