{"cameraMode":{"drawMode":0,"name":"Shaded","section":"Shading Mode"},"sceneLighting":false,"audioPlay":false,"sceneViewState":{"showFog":true,"showMaterialUpdate":false,"showSkybox":false,"showFlares":true,"showImageEffects":true,"showParticleSystems":true},"in2DMode":false,"pivot":{"x":-0.8126875162124634,"y":1.0268514156341553,"z":0.47099995613098147},"rotation":{"x":-0.08036947250366211,"y":0.8794681429862976,"z":-0.16031810641288758,"w":-0.4408915042877197},"size":0.7828698754310608,"orthographic":false}