{"cameraMode":{"drawMode":0,"name":"Shaded","section":"Shading Mode"},"sceneLighting":true,"audioPlay":false,"sceneViewState":{"showFog":true,"showMaterialUpdate":false,"showSkybox":false,"showFlares":true,"showImageEffects":true,"showParticleSystems":true},"in2DMode":false,"pivot":{"x":371.46002197265627,"y":4.895999908447266,"z":173.69000244140626},"rotation":{"x":-0.03063642792403698,"y":0.9686340689659119,"z":-0.15414169430732728,"w":-0.19252081215381623},"size":24.24871063232422,"orthographic":false}