{"cameraMode":{"drawMode":0,"name":"Shaded","section":"Shading Mode"},"sceneLighting":false,"audioPlay":false,"sceneViewState":{"showFog":true,"showMaterialUpdate":false,"showSkybox":false,"showFlares":true,"showImageEffects":true,"showParticleSystems":true},"in2DMode":false,"pivot":{"x":0.0,"y":0.8949709534645081,"z":0.11967609822750092},"rotation":{"x":-0.19634012877941132,"y":0.4546656906604767,"z":-0.1034921184182167,"w":-0.8625681400299072},"size":1.1581578254699708,"orthographic":false}