{"cameraMode":{"drawMode":0,"name":"Shaded","section":"Shading Mode"},"sceneLighting":false,"audioPlay":false,"sceneViewState":{"showFog":true,"showMaterialUpdate":false,"showSkybox":false,"showFlares":true,"showImageEffects":true,"showParticleSystems":true},"in2DMode":false,"pivot":{"x":0.03087329864501953,"y":2.1130871772766115,"z":-0.8435895442962647},"rotation":{"x":-0.16365407407283784,"y":0.6136765480041504,"z":-0.13196319341659547,"w":-0.7610616683959961},"size":3.993999719619751,"orthographic":false}