{"cameraMode":{"drawMode":0,"name":"Shaded","section":"Shading Mode"},"sceneLighting":false,"audioPlay":false,"sceneViewState":{"showFog":true,"showMaterialUpdate":false,"showSkybox":false,"showFlares":true,"showImageEffects":true,"showParticleSystems":true},"in2DMode":false,"pivot":{"x":0.04969996213912964,"y":1.0377177000045777,"z":-0.06871980428695679},"rotation":{"x":-0.08036947250366211,"y":0.8794681429862976,"z":-0.16031810641288758,"w":-0.4408915042877197},"size":1.8942371606826783,"orthographic":false}