{"cameraMode":{"drawMode":0,"name":"Shaded","section":"Shading Mode"},"sceneLighting":true,"audioPlay":false,"sceneViewState":{"showFog":true,"showMaterialUpdate":false,"showSkybox":false,"showFlares":true,"showImageEffects":true,"showParticleSystems":true},"in2DMode":false,"pivot":{"x":372.6118469238281,"y":3.7683427333831789,"z":175.0386505126953},"rotation":{"x":-0.10486961156129837,"y":-0.06797139346599579,"z":0.007185069378465414,"w":-0.9921386241912842},"size":3.796083450317383,"orthographic":false}