{"cameraMode":{"drawMode":0,"name":"Shaded","section":"Shading Mode"},"sceneLighting":true,"audioPlay":false,"sceneViewState":{"showFog":true,"showMaterialUpdate":false,"showSkybox":false,"showFlares":true,"showImageEffects":true,"showParticleSystems":true},"in2DMode":false,"pivot":{"x":371.3870544433594,"y":4.259859085083008,"z":173.80413818359376},"rotation":{"x":-0.006374717690050602,"y":0.9784280061721802,"z":-0.2042623609304428,"w":-0.030535109341144563},"size":1.469111442565918,"orthographic":false}