{"cameraMode":{"drawMode":0,"name":"Shaded","section":"Shading Mode"},"sceneLighting":true,"audioPlay":false,"sceneViewState":{"showFog":true,"showMaterialUpdate":false,"showSkybox":true,"showFlares":true,"showImageEffects":true,"showParticleSystems":true},"in2DMode":false,"pivot":{"x":334.1576232910156,"y":-30.5557861328125,"z":335.2408752441406},"rotation":{"x":-0.33458656072616579,"y":0.23454105854034425,"z":-0.0863402709364891,"w":-0.908653199672699},"size":48.12813186645508,"orthographic":false}