{"cameraMode":{"drawMode":0,"name":"Shaded","section":"Shading Mode"},"sceneLighting":false,"audioPlay":false,"sceneViewState":{"showFog":true,"showMaterialUpdate":false,"showSkybox":false,"showFlares":true,"showImageEffects":true,"showParticleSystems":true},"in2DMode":false,"pivot":{"x":-2.175027370452881,"y":1.7651947736740113,"z":-1.352500081062317},"rotation":{"x":-0.05729808285832405,"y":0.8179329037666321,"z":-0.08273573219776154,"w":-0.5664481520652771},"size":3.5720834732055666,"orthographic":false}