{"cameraMode":{"drawMode":0,"name":"Shaded","section":"Shading Mode"},"sceneLighting":false,"audioPlay":false,"sceneViewState":{"showFog":true,"showMaterialUpdate":false,"showSkybox":false,"showFlares":true,"showImageEffects":true,"showParticleSystems":true},"in2DMode":false,"pivot":{"x":-0.0075837671756744389,"y":1.2364200353622437,"z":-0.638715386390686},"rotation":{"x":-0.008343049325048924,"y":0.9916532039642334,"z":-0.08830089867115021,"w":-0.09368876367807388},"size":4.792476177215576,"orthographic":false}