{"cameraMode":{"drawMode":0,"name":"Shaded","section":"Shading Mode"},"sceneLighting":false,"audioPlay":false,"sceneViewState":{"showFog":true,"showMaterialUpdate":false,"showSkybox":false,"showFlares":true,"showImageEffects":true,"showParticleSystems":true},"in2DMode":false,"pivot":{"x":-2.305208683013916,"y":2.3034322261810304,"z":19.355724334716798},"rotation":{"x":0.16496948897838593,"y":-0.6235517263412476,"z":0.13682147860527039,"w":0.7518329620361328},"size":3.6272640228271486,"orthographic":false}