{"cameraMode":{"drawMode":0,"name":"Shaded","section":"Shading Mode"},"sceneLighting":false,"audioPlay":false,"sceneViewState":{"showFog":true,"showMaterialUpdate":false,"showSkybox":false,"showFlares":true,"showImageEffects":true,"showParticleSystems":true},"in2DMode":false,"pivot":{"x":2.531614303588867,"y":7.628726959228516,"z":2.9883694648742677},"rotation":{"x":0.16129939258098603,"y":-0.7777544260025024,"z":0.22181323170661927,"w":0.5656390190124512},"size":2.9190101623535158,"orthographic":false}