{"cameraMode":{"drawMode":0,"name":"Shaded","section":"Shading Mode"},"sceneLighting":true,"audioPlay":false,"sceneViewState":{"showFog":true,"showMaterialUpdate":false,"showSkybox":true,"showFlares":true,"showImageEffects":true,"showParticleSystems":true},"in2DMode":false,"pivot":{"x":213.26148986816407,"y":3.4917123317718508,"z":83.53104400634766},"rotation":{"x":0.030934225767850877,"y":-0.9593329429626465,"z":0.11596932262182236,"w":0.25563278794288638},"size":8.317895889282227,"orthographic":false}