{"cameraMode":{"drawMode":0,"name":"Shaded","section":"Shading Mode"},"sceneLighting":false,"audioPlay":false,"sceneViewState":{"showFog":true,"showMaterialUpdate":false,"showSkybox":false,"showFlares":true,"showImageEffects":true,"showParticleSystems":true},"in2DMode":false,"pivot":{"x":-4.399161338806152,"y":0.5679917335510254,"z":-0.9751079082489014},"rotation":{"x":-0.06686147302389145,"y":0.8784093260765076,"z":-0.12899638712406159,"w":-0.4553016722202301},"size":6.426791667938232,"orthographic":false}