{"cameraMode":{"drawMode":0,"name":"Shaded","section":"Shading Mode"},"sceneLighting":true,"audioPlay":false,"sceneViewState":{"showFog":true,"showMaterialUpdate":false,"showSkybox":true,"showFlares":true,"showImageEffects":true,"showParticleSystems":true},"in2DMode":false,"pivot":{"x":169.48870849609376,"y":-14.211333274841309,"z":296.2966613769531},"rotation":{"x":0.05278006196022034,"y":-0.4393267333507538,"z":0.02586534433066845,"w":0.8964203596115112},"size":92.2523422241211,"orthographic":false}