{"cameraMode":{"drawMode":0,"name":"Shaded","section":"Shading Mode"},"sceneLighting":false,"audioPlay":false,"sceneViewState":{"showFog":true,"showMaterialUpdate":false,"showSkybox":false,"showFlares":true,"showImageEffects":true,"showParticleSystems":true},"in2DMode":false,"pivot":{"x":-0.0014444589614868165,"y":0.20783664286136628,"z":-0.03979229927062988},"rotation":{"x":0.3097105920314789,"y":0.2731332778930664,"z":-0.09336870163679123,"w":0.9059793949127197},"size":0.9098626971244812,"orthographic":false}