{"cameraMode":{"drawMode":0,"name":"Shaded","section":"Shading Mode"},"sceneLighting":true,"audioPlay":false,"sceneViewState":{"showFog":true,"showMaterialUpdate":false,"showSkybox":true,"showFlares":true,"showImageEffects":true,"showParticleSystems":true},"in2DMode":false,"pivot":{"x":202.1485137939453,"y":-106.1966323852539,"z":492.4092712402344},"rotation":{"x":0.1608044058084488,"y":-0.16437000036239625,"z":0.027171248570084573,"w":0.972856879234314},"size":174.86160278320313,"orthographic":false}