{"cameraMode":{"drawMode":0,"name":"Shaded","section":"Shading Mode"},"sceneLighting":false,"audioPlay":false,"sceneViewState":{"showFog":true,"showMaterialUpdate":false,"showSkybox":false,"showFlares":true,"showImageEffects":true,"showParticleSystems":true},"in2DMode":false,"pivot":{"x":2.3868672847747804,"y":4.128223896026611,"z":33.442405700683597},"rotation":{"x":0.08847765624523163,"y":-0.797693133354187,"z":0.12081166356801987,"w":0.5841872692108154},"size":4.221828460693359,"orthographic":false}