{"cameraMode":{"drawMode":0,"name":"Shaded","section":"Shading Mode"},"sceneLighting":false,"audioPlay":false,"sceneViewState":{"showFog":true,"showMaterialUpdate":false,"showSkybox":false,"showFlares":true,"showImageEffects":true,"showParticleSystems":true},"in2DMode":false,"pivot":{"x":1.0744093656539918,"y":2.481410503387451,"z":2.66467547416687},"rotation":{"x":0.07542984187602997,"y":-0.8552097678184509,"z":0.13003402948379517,"w":0.49604812264442446},"size":1.8141194581985474,"orthographic":false}