{"cameraMode":{"drawMode":0,"name":"Shaded","section":"Shading Mode"},"sceneLighting":false,"audioPlay":false,"sceneViewState":{"showFog":true,"showMaterialUpdate":false,"showSkybox":false,"showFlares":true,"showImageEffects":true,"showParticleSystems":true},"in2DMode":false,"pivot":{"x":-1.2125089168548585,"y":0.6071796417236328,"z":-1.947384238243103},"rotation":{"x":0.0021740668453276159,"y":0.9889530539512634,"z":0.014527808874845505,"w":-0.1476430743932724},"size":1.8622715473175049,"orthographic":false}