{"cameraMode":{"drawMode":0,"name":"Shaded","section":"Shading Mode"},"sceneLighting":true,"audioPlay":false,"sceneViewState":{"showFog":true,"showMaterialUpdate":false,"showSkybox":true,"showFlares":true,"showImageEffects":true,"showParticleSystems":true},"in2DMode":false,"pivot":{"x":328.73529052734377,"y":-26.521326065063478,"z":336.16986083984377},"rotation":{"x":-0.33458656072616579,"y":0.23454105854034425,"z":-0.0863402709364891,"w":-0.908653199672699},"size":38.23101806640625,"orthographic":false}