{"cameraMode":{"drawMode":0,"name":"Shaded","section":"Shading Mode"},"sceneLighting":false,"audioPlay":false,"sceneViewState":{"showFog":true,"showMaterialUpdate":false,"showSkybox":false,"showFlares":true,"showImageEffects":true,"showParticleSystems":true},"in2DMode":false,"pivot":{"x":0.10632717609405518,"y":0.21154193580150605,"z":3.087700128555298},"rotation":{"x":-0.08036947250366211,"y":0.8794681429862976,"z":-0.16031810641288758,"w":-0.4408915042877197},"size":0.6293234825134277,"orthographic":false}