{"cameraMode":{"drawMode":0,"name":"Shaded","section":"Shading Mode"},"sceneLighting":false,"audioPlay":false,"sceneViewState":{"showFog":true,"showMaterialUpdate":false,"showSkybox":false,"showFlares":true,"showImageEffects":true,"showParticleSystems":true},"in2DMode":false,"pivot":{"x":0.0,"y":11.666487693786621,"z":1.9580001831054688},"rotation":{"x":0.13277839124202729,"y":-0.6479588150978088,"z":0.11611568182706833,"w":0.7410138249397278},"size":15.404011726379395,"orthographic":false}