{"cameraMode":{"drawMode":0,"name":"Shaded","section":"Shading Mode"},"sceneLighting":true,"audioPlay":false,"sceneViewState":{"showFog":true,"showMaterialUpdate":false,"showSkybox":true,"showFlares":true,"showImageEffects":true,"showParticleSystems":true},"in2DMode":false,"pivot":{"x":91.38823699951172,"y":21.692485809326173,"z":4.91532039642334},"rotation":{"x":0.055876895785331729,"y":0.22043687105178834,"z":-0.01260562427341938,"w":0.9737557768821716},"size":13.583383560180664,"orthographic":false}