{"cameraMode":{"drawMode":0,"name":"Shaded","section":"Shading Mode"},"sceneLighting":false,"audioPlay":false,"sceneViewState":{"showFog":true,"showMaterialUpdate":false,"showSkybox":false,"showFlares":true,"showImageEffects":true,"showParticleSystems":true},"in2DMode":false,"pivot":{"x":-2.3929476737976076,"y":2.1040148735046388,"z":2.7885496616363527},"rotation":{"x":-0.14744751155376435,"y":0.6088697910308838,"z":-0.11695555597543717,"w":-0.7707539796829224},"size":6.607396125793457,"orthographic":false}