{"cameraMode":{"drawMode":0,"name":"Shaded","section":"Shading Mode"},"sceneLighting":false,"audioPlay":false,"sceneViewState":{"showFog":true,"showMaterialUpdate":false,"showSkybox":false,"showFlares":true,"showImageEffects":true,"showParticleSystems":true},"in2DMode":false,"pivot":{"x":-1.683220624923706,"y":3.4697012901306154,"z":-1.9985496997833253},"rotation":{"x":-0.08036947250366211,"y":0.8794681429862976,"z":-0.16031810641288758,"w":-0.4408915042877197},"size":4.0074334144592289,"orthographic":false}