{"cameraMode":{"drawMode":0,"name":"Shaded","section":"Shading Mode"},"sceneLighting":false,"audioPlay":false,"sceneViewState":{"showFog":true,"showMaterialUpdate":false,"showSkybox":false,"showFlares":true,"showImageEffects":true,"showParticleSystems":true},"in2DMode":false,"pivot":{"x":-0.995966911315918,"y":7.086416244506836,"z":7.530677795410156},"rotation":{"x":0.13277839124202729,"y":-0.6479588150978088,"z":0.11611568182706833,"w":0.7410138249397278},"size":25.418262481689454,"orthographic":false}