{"cameraMode":{"drawMode":0,"name":"Shaded","section":"Shading Mode"},"sceneLighting":true,"audioPlay":false,"sceneViewState":{"showFog":true,"showMaterialUpdate":false,"showSkybox":false,"showFlares":true,"showImageEffects":true,"showParticleSystems":true},"in2DMode":false,"pivot":{"x":371.1887512207031,"y":4.552945137023926,"z":173.1913604736328},"rotation":{"x":0.03630296140909195,"y":0.9632542133331299,"z":-0.2026028335094452,"w":0.1725989580154419},"size":2.6691112518310549,"orthographic":false}