{"cameraMode":{"drawMode":0,"name":"Shaded","section":"Shading Mode"},"sceneLighting":false,"audioPlay":false,"sceneViewState":{"showFog":true,"showMaterialUpdate":false,"showSkybox":false,"showFlares":true,"showImageEffects":true,"showParticleSystems":true},"in2DMode":false,"pivot":{"x":0.03087329864501953,"y":1.397432804107666,"z":0.18259847164154054},"rotation":{"x":-0.16365407407283784,"y":0.6136765480041504,"z":-0.13196319341659547,"w":-0.7610616683959961},"size":2.9868369102478029,"orthographic":false}