{"cameraMode":{"drawMode":0,"name":"Shaded","section":"Shading Mode"},"sceneLighting":true,"audioPlay":false,"sceneViewState":{"showFog":true,"showMaterialUpdate":false,"showSkybox":true,"showFlares":true,"showImageEffects":true,"showParticleSystems":true},"in2DMode":false,"pivot":{"x":263.24774169921877,"y":-44.8375129699707,"z":195.52890014648438},"rotation":{"x":0.2811802327632904,"y":-0.5715327858924866,"z":0.21733751893043519,"w":0.7396820187568665},"size":56.594295501708987,"orthographic":false}