{"cameraMode":{"drawMode":0,"name":"Shaded","section":"Shading Mode"},"sceneLighting":false,"audioPlay":false,"sceneViewState":{"showFog":true,"showMaterialUpdate":false,"showSkybox":false,"showFlares":true,"showImageEffects":true,"showParticleSystems":true},"in2DMode":false,"pivot":{"x":-1.1920928955078126e-7,"y":0.9934901595115662,"z":0.04614740610122681},"rotation":{"x":-0.2001061588525772,"y":0.5258406400680542,"z":-0.12885500490665437,"w":-0.8166103959083557},"size":1.954084038734436,"orthographic":false}