{"cameraMode":{"drawMode":0,"name":"Shaded","section":"Shading Mode"},"sceneLighting":false,"audioPlay":false,"sceneViewState":{"showFog":true,"showMaterialUpdate":false,"showSkybox":false,"showFlares":true,"showImageEffects":true,"showParticleSystems":true},"in2DMode":false,"pivot":{"x":1.2931259870529175,"y":0.42995327711105349,"z":2.6652493476867677},"rotation":{"x":0.011827757582068444,"y":0.16867713630199433,"z":-0.002024224493652582,"w":0.9855988621711731},"size":4.181026458740234,"orthographic":false}