{"cameraMode":{"drawMode":0,"name":"Shaded","section":"Shading Mode"},"sceneLighting":false,"audioPlay":false,"sceneViewState":{"showFog":true,"showMaterialUpdate":false,"showSkybox":false,"showFlares":true,"showImageEffects":true,"showParticleSystems":true},"in2DMode":false,"pivot":{"x":-3.7813808917999269,"y":-0.894443690776825,"z":-0.9526228308677673},"rotation":{"x":-0.08018656075000763,"y":0.9155527353286743,"z":-0.22872449457645417,"w":-0.320983350276947},"size":4.486836910247803,"orthographic":false}