{"cameraMode":{"drawMode":0,"name":"Shaded","section":"Shading Mode"},"sceneLighting":false,"audioPlay":false,"sceneViewState":{"showFog":true,"showMaterialUpdate":false,"showSkybox":false,"showFlares":true,"showImageEffects":true,"showParticleSystems":true},"in2DMode":false,"pivot":{"x":5.347511291503906,"y":0.6099587678909302,"z":-0.970379114151001},"rotation":{"x":-0.06479295343160629,"y":0.8875744342803955,"z":-0.13170234858989716,"w":-0.4366559386253357},"size":1.9589208364486695,"orthographic":false}