{"cameraMode":{"drawMode":0,"name":"Shaded","section":"Shading Mode"},"sceneLighting":false,"audioPlay":false,"sceneViewState":{"showFog":true,"showMaterialUpdate":false,"showSkybox":false,"showFlares":true,"showImageEffects":true,"showParticleSystems":true},"in2DMode":false,"pivot":{"x":-0.21279335021972657,"y":5.983205795288086,"z":-0.35779476165771487},"rotation":{"x":0.047979552298784259,"y":0.010488069616258145,"z":-0.0005018975352868438,"w":0.9988065958023071},"size":11.363531112670899,"orthographic":false}