{"cameraMode":{"drawMode":0,"name":"Shaded","section":"Shading Mode"},"sceneLighting":true,"audioPlay":false,"sceneViewState":{"showFog":true,"showMaterialUpdate":false,"showSkybox":true,"showFlares":true,"showImageEffects":true,"showParticleSystems":true},"in2DMode":false,"pivot":{"x":2.015078544616699,"y":12.792723655700684,"z":5.389859676361084},"rotation":{"x":-0.1624990850687027,"y":0.7433612942695618,"z":-0.19521291553974152,"w":-0.6187890768051148},"size":6.52752161026001,"orthographic":false}