{"cameraMode":{"drawMode":0,"name":"Shaded","section":"Shading Mode"},"sceneLighting":true,"audioPlay":false,"sceneViewState":{"showFog":true,"showMaterialUpdate":false,"showSkybox":true,"showFlares":true,"showImageEffects":true,"showParticleSystems":true},"in2DMode":false,"pivot":{"x":377.7469482421875,"y":3.8399999141693117,"z":173.9199981689453},"rotation":{"x":0.07759469002485275,"y":-0.4544512629508972,"z":0.039789967238903049,"w":0.8865296244621277},"size":0.5540374517440796,"orthographic":false}